{"base_lr": 0.0001, "lr": 0.0001, "data_time": 0.05308990478515625, "grad_norm": 100.7460708618164, "loss": 13.274091720581055, "loss_cls": 0.31250929832458496, "loss_bbox": 0.06268966048955918, "loss_iou": 0.6482755362987518, "d0.loss_cls": 0.3399515151977539, "d0.loss_bbox": 0.06909492760896682, "d0.loss_iou": 0.6717049717903137, "d1.loss_cls": 0.3229596674442291, "d1.loss_bbox": 0.06522631049156188, "d1.loss_iou": 0.6650042235851288, "d2.loss_cls": 0.31456507444381715, "d2.loss_bbox": 0.0643120363354683, "d2.loss_iou": 0.6606234908103943, "d3.loss_cls": 0.31724740862846373, "d3.loss_bbox": 0.062001514434814456, "d3.loss_iou": 0.6463839650154114, "d4.loss_cls": 0.31772551536560056, "d4.loss_bbox": 0.06220824420452118, "d4.loss_iou": 0.6458666563034058, "enc_loss_cls": 0.3338949143886566, "enc_loss_bbox": 0.06826234012842178, "enc_loss_iou": 0.6891219675540924, "dn_loss_cls": 0.2773279458284378, "dn_loss_bbox": 0.09132991507649421, "dn_loss_iou": 0.595237386226654, "d0.dn_loss_cls": 0.2804824888706207, "d0.dn_loss_bbox": 0.07870242521166801, "d0.dn_loss_iou": 0.7114207148551941, "d1.dn_loss_cls": 0.2879219025373459, "d1.dn_loss_bbox": 0.0717852383852005, "d1.dn_loss_iou": 0.6271273016929626, "d2.dn_loss_cls": 0.2858095645904541, "d2.dn_loss_bbox": 0.08101052120327949, "d2.dn_loss_iou": 0.6092824339866638, "d3.dn_loss_cls": 0.27718583047389983, "d3.dn_loss_bbox": 0.09565419480204582, "d3.dn_loss_iou": 0.5960572123527527, "d4.dn_loss_cls": 0.27484117448329926, "d4.dn_loss_bbox": 0.09959955364465714, "d4.dn_loss_iou": 0.5936869621276856, "time": 1.6685283184051514, "epoch": 1, "iter": 5, "memory": 4095, "step": 5}
{"base_lr": 0.0001, "lr": 0.0001, "data_time": 0.029817032814025878, "grad_norm": 83.14087028503418, "loss": 13.123865699768066, "loss_cls": 0.30357627272605897, "loss_bbox": 0.06308568082749844, "loss_iou": 0.6697267532348633, "d0.loss_cls": 0.32973629236221313, "d0.loss_bbox": 0.06800602748990059, "d0.loss_iou": 0.688630473613739, "d1.loss_cls": 0.31477091610431673, "d1.loss_bbox": 0.06561342924833298, "d1.loss_iou": 0.6832350313663482, "d2.loss_cls": 0.3058451980352402, "d2.loss_bbox": 0.06409757435321808, "d2.loss_iou": 0.6780801326036453, "d3.loss_cls": 0.302364693582058, "d3.loss_bbox": 0.06277773045003414, "d3.loss_iou": 0.6687858313322067, "d4.loss_cls": 0.3038352981209755, "d4.loss_bbox": 0.0631240252405405, "d4.loss_iou": 0.6697052180767059, "enc_loss_cls": 0.3263206958770752, "enc_loss_bbox": 0.06928284466266632, "enc_loss_iou": 0.7075956195592881, "dn_loss_cls": 0.23580991774797438, "dn_loss_bbox": 0.07472463585436344, "dn_loss_iou": 0.6123105108737945, "d0.dn_loss_cls": 0.24860842823982238, "d0.dn_loss_bbox": 0.07758690975606441, "d0.dn_loss_iou": 0.7366006433963775, "d1.dn_loss_cls": 0.23866589218378068, "d1.dn_loss_bbox": 0.0677663616836071, "d1.dn_loss_iou": 0.6472088128328324, "d2.dn_loss_cls": 0.234938345849514, "d2.dn_loss_bbox": 0.07013917341828346, "d2.dn_loss_iou": 0.6230115085840225, "d3.dn_loss_cls": 0.23351874202489853, "d3.dn_loss_bbox": 0.0769397985190153, "d3.dn_loss_iou": 0.6127396732568741, "d4.dn_loss_cls": 0.23464559018611908, "d4.dn_loss_bbox": 0.07894298359751702, "d4.dn_loss_iou": 0.6115123420953751, "time": 1.288841223716736, "epoch": 1, "iter": 10, "memory": 4219, "step": 10}
