{"base_lr": 0.0001, "lr": 0.0001, "data_time": 0.054493141174316403, "grad_norm": 81.04433670043946, "loss": 14.79429931640625, "loss_cls": 0.3875763416290283, "loss_bbox": 0.09771938547492028, "loss_iou": 0.7494342505931855, "d0.loss_cls": 0.41591683626174925, "d0.loss_bbox": 0.09744183421134948, "d0.loss_iou": 0.7509726583957672, "d1.loss_cls": 0.3934172749519348, "d1.loss_bbox": 0.10048745647072792, "d1.loss_iou": 0.7596010446548462, "d2.loss_cls": 0.3900396108627319, "d2.loss_bbox": 0.09848714098334313, "d2.loss_iou": 0.7514534235000611, "d3.loss_cls": 0.3807471811771393, "d3.loss_bbox": 0.09835698679089547, "d3.loss_iou": 0.7486892998218536, "d4.loss_cls": 0.386824357509613, "d4.loss_bbox": 0.0984959788620472, "d4.loss_iou": 0.74997638463974, "enc_loss_cls": 0.4009963691234589, "enc_loss_bbox": 0.10441172793507576, "enc_loss_iou": 0.7709582328796387, "dn_loss_cls": 0.2977877646684647, "dn_loss_bbox": 0.07954498305916786, "dn_loss_iou": 0.595973527431488, "d0.dn_loss_cls": 0.3215553551912308, "d0.dn_loss_bbox": 0.08755695968866348, "d0.dn_loss_iou": 0.741171932220459, "d1.dn_loss_cls": 0.3143348664045334, "d1.dn_loss_bbox": 0.06981651335954667, "d1.dn_loss_iou": 0.6205649971961975, "d2.dn_loss_cls": 0.30301657021045686, "d2.dn_loss_bbox": 0.09025696590542794, "d2.dn_loss_iou": 0.6009648144245148, "d3.dn_loss_cls": 0.28880015313625335, "d3.dn_loss_bbox": 0.08362709730863571, "d3.dn_loss_iou": 0.5981935262680054, "d4.dn_loss_cls": 0.2931017130613327, "d4.dn_loss_bbox": 0.08045080676674843, "d4.dn_loss_iou": 0.5955792963504791, "time": 2.772493839263916, "epoch": 1, "iter": 5, "memory": 3750, "step": 5}
