{"base_lr": 0.0001, "lr": 0.0001, "data_time": 0.052135467529296875, "grad_norm": 72.19262084960937, "loss": 15.941766166687012, "loss_cls": 0.43414546251297, "loss_bbox": 0.09606415927410125, "loss_iou": 0.8244848608970642, "d0.loss_cls": 0.461513876914978, "d0.loss_bbox": 0.09062615558505058, "d0.loss_iou": 0.8243585467338562, "d1.loss_cls": 0.43999211192131044, "d1.loss_bbox": 0.09763994365930558, "d1.loss_iou": 0.8346513032913208, "d2.loss_cls": 0.4366660535335541, "d2.loss_bbox": 0.09723038002848625, "d2.loss_iou": 0.8337700247764588, "d3.loss_cls": 0.4308729887008667, "d3.loss_bbox": 0.09698247089982033, "d3.loss_iou": 0.827619606256485, "d4.loss_cls": 0.43522250056266787, "d4.loss_bbox": 0.09703574553132058, "d4.loss_iou": 0.8279609322547913, "enc_loss_cls": 0.44971694946289065, "enc_loss_bbox": 0.08932912349700928, "enc_loss_iou": 0.8326202750205993, "dn_loss_cls": 0.2840890258550644, "dn_loss_bbox": 0.06658165156841278, "dn_loss_iou": 0.6765363693237305, "d0.dn_loss_cls": 0.3082031488418579, "d0.dn_loss_bbox": 0.08302443698048592, "d0.dn_loss_iou": 0.824552321434021, "d1.dn_loss_cls": 0.286128506064415, "d1.dn_loss_bbox": 0.06631007790565491, "d1.dn_loss_iou": 0.7049602150917054, "d2.dn_loss_cls": 0.282106950879097, "d2.dn_loss_bbox": 0.06615065187215804, "d2.dn_loss_iou": 0.6782806217670441, "d3.dn_loss_cls": 0.27992442846298216, "d3.dn_loss_bbox": 0.06887919753789902, "d3.dn_loss_iou": 0.6795045435428619, "d4.dn_loss_cls": 0.2832439363002777, "d4.dn_loss_bbox": 0.06747539862990379, "d4.dn_loss_iou": 0.6773116886615753, "time": 1.5680757999420165, "epoch": 1, "iter": 5, "memory": 3720, "step": 5}
