{"base_lr": 0.0001, "lr": 0.0001, "data_time": 0.046003103256225586, "grad_norm": 109.84759674072265, "loss": 15.963809967041016, "loss_cls": 0.35565113425254824, "loss_bbox": 0.05860973373055458, "loss_iou": 0.6381700038909912, "d0.loss_cls": 0.40231287479400635, "d0.loss_bbox": 0.06854836493730546, "d0.loss_iou": 0.6460762560367584, "d1.loss_cls": 0.380618155002594, "d1.loss_bbox": 0.06105389297008514, "d1.loss_iou": 0.640347957611084, "d2.loss_cls": 0.3663251042366028, "d2.loss_bbox": 0.059725622087717055, "d2.loss_iou": 0.635753744840622, "d3.loss_cls": 0.36126226782798765, "d3.loss_bbox": 0.05836818218231201, "d3.loss_iou": 0.6342494487762451, "d4.loss_cls": 0.35991100072860716, "d4.loss_bbox": 0.0588607169687748, "d4.loss_iou": 0.6408047497272491, "enc_loss_cls": 0.3862894594669342, "enc_loss_bbox": 0.06282167956233024, "enc_loss_iou": 0.6487379312515259, "dn_loss_cls": 0.48636252880096437, "dn_loss_bbox": 0.15117729753255843, "dn_loss_iou": 0.7852256655693054, "d0.dn_loss_cls": 0.44777449667453767, "d0.dn_loss_bbox": 0.1055545188486576, "d0.dn_loss_iou": 0.7980242848396302, "d1.dn_loss_cls": 0.47970027327537534, "d1.dn_loss_bbox": 0.11221674904227256, "d1.dn_loss_iou": 0.7672321915626525, "d2.dn_loss_cls": 0.4806168168783188, "d2.dn_loss_bbox": 0.15275864377617837, "d2.dn_loss_iou": 0.7821653962135315, "d3.dn_loss_cls": 0.4770519733428955, "d3.dn_loss_bbox": 0.17531805336475373, "d3.dn_loss_iou": 0.7951462030410766, "d4.dn_loss_cls": 0.48387672901153567, "d4.dn_loss_bbox": 0.1681281954050064, "d4.dn_loss_iou": 0.7909822344779969, "time": 1.3786510467529296, "epoch": 1, "iter": 5, "memory": 3748, "step": 5}
{"base_lr": 0.0001, "lr": 0.0001, "data_time": 0.026657748222351074, "grad_norm": 85.2370735168457, "loss": 15.429587459564209, "loss_cls": 0.3909365326166153, "loss_bbox": 0.07077941857278347, "loss_iou": 0.6969271332025528, "d0.loss_cls": 0.42822456955909727, "d0.loss_bbox": 0.07876688316464424, "d0.loss_iou": 0.7083895057439804, "d1.loss_cls": 0.4052982658147812, "d1.loss_bbox": 0.07569620162248611, "d1.loss_iou": 0.706430071592331, "d2.loss_cls": 0.39781711995601654, "d2.loss_bbox": 0.0716760091483593, "d2.loss_iou": 0.6983457893133164, "d3.loss_cls": 0.4012130409479141, "d3.loss_bbox": 0.07089150547981263, "d3.loss_iou": 0.694428151845932, "d4.loss_cls": 0.3963590651750565, "d4.loss_bbox": 0.07125297077000141, "d4.loss_iou": 0.6986999690532685, "enc_loss_cls": 0.414961701631546, "enc_loss_bbox": 0.07796092219650745, "enc_loss_iou": 0.7185090839862823, "dn_loss_cls": 0.3708476036787033, "dn_loss_bbox": 0.10240703001618386, "dn_loss_iou": 0.6984192788600921, "d0.dn_loss_cls": 0.3875322088599205, "d0.dn_loss_bbox": 0.08996951170265674, "d0.dn_loss_iou": 0.7622625708580018, "d1.dn_loss_cls": 0.38897916823625567, "d1.dn_loss_bbox": 0.08545273542404175, "d1.dn_loss_iou": 0.7035404980182648, "d2.dn_loss_cls": 0.38321305960416796, "d2.dn_loss_bbox": 0.10413841009140015, "d2.dn_loss_iou": 0.7004586845636368, "d3.dn_loss_cls": 0.37419362366199493, "d3.dn_loss_bbox": 0.1144031435251236, "d3.dn_loss_iou": 0.7032763153314591, "d4.dn_loss_cls": 0.3750730395317078, "d4.dn_loss_bbox": 0.11084518060088158, "d4.dn_loss_iou": 0.7010119706392288, "time": 1.1676933288574218, "epoch": 1, "iter": 10, "memory": 4011, "step": 10}
{"base_lr": 0.0001, "lr": 0.0001, "data_time": 0.02044963836669922, "grad_norm": 84.46539942423503, "loss": 14.53171641031901, "loss_cls": 0.3775972664356232, "loss_bbox": 0.06584643498063088, "loss_iou": 0.6719012757142385, "d0.loss_cls": 0.4089575529098511, "d0.loss_bbox": 0.07270721246798834, "d0.loss_iou": 0.6820769329865773, "d1.loss_cls": 0.39356374939282734, "d1.loss_bbox": 0.06947237725059191, "d1.loss_iou": 0.6794260263442993, "d2.loss_cls": 0.3812707483768463, "d2.loss_bbox": 0.06690358966588975, "d2.loss_iou": 0.6721854408582052, "d3.loss_cls": 0.38478962977727255, "d3.loss_bbox": 0.06495052153865497, "d3.loss_iou": 0.6659771541754405, "d4.loss_cls": 0.3792371074358622, "d4.loss_bbox": 0.06620655034979185, "d4.loss_iou": 0.6735317508379618, "enc_loss_cls": 0.39412253896395366, "enc_loss_bbox": 0.07324268942077955, "enc_loss_iou": 0.6975539406140645, "dn_loss_cls": 0.339982799688975, "dn_loss_bbox": 0.08290715639789899, "dn_loss_iou": 0.6534959395726522, "d0.dn_loss_cls": 0.35633554061253864, "d0.dn_loss_bbox": 0.07880280464887619, "d0.dn_loss_iou": 0.7344220717748006, "d1.dn_loss_cls": 0.3520735094944636, "d1.dn_loss_bbox": 0.07266424770156542, "d1.dn_loss_iou": 0.6641408463319143, "d2.dn_loss_cls": 0.34365073045094807, "d2.dn_loss_bbox": 0.08496034666895866, "d2.dn_loss_iou": 0.6570248246192932, "d3.dn_loss_cls": 0.33791207869847617, "d3.dn_loss_bbox": 0.09094452932476997, "d3.dn_loss_iou": 0.6565986851851146, "d4.dn_loss_cls": 0.34086619516213734, "d4.dn_loss_bbox": 0.08852744996547698, "d4.dn_loss_iou": 0.6548863649368286, "time": 1.1226621468861897, "epoch": 1, "iter": 15, "memory": 4237, "step": 15}
{"base_lr": 0.0001, "lr": 0.0001, "data_time": 0.017140734195709228, "grad_norm": 74.7559889793396, "loss": 14.215693426132201, "loss_cls": 0.3626279093325138, "loss_bbox": 0.06873880364000798, "loss_iou": 0.6832020416855812, "d0.loss_cls": 0.39251294136047366, "d0.loss_bbox": 0.07531984951347112, "d0.loss_iou": 0.6953629374504089, "d1.loss_cls": 0.3793738350272179, "d1.loss_bbox": 0.07259985450655222, "d1.loss_iou": 0.6926665067672729, "d2.loss_cls": 0.36683872118592264, "d2.loss_bbox": 0.06933432910591364, "d2.loss_iou": 0.6830808714032173, "d3.loss_cls": 0.3689267560839653, "d3.loss_bbox": 0.06812541503459216, "d3.loss_iou": 0.6798040509223938, "d4.loss_cls": 0.3634429030120373, "d4.loss_bbox": 0.069197116792202, "d4.loss_iou": 0.6852287471294403, "enc_loss_cls": 0.3799641340970993, "enc_loss_bbox": 0.07611551601439714, "enc_loss_iou": 0.7100964665412903, "dn_loss_cls": 0.3025456234812737, "dn_loss_bbox": 0.0752771956846118, "dn_loss_iou": 0.6429096624255181, "d0.dn_loss_cls": 0.3212421353906393, "d0.dn_loss_bbox": 0.07682555913925171, "d0.dn_loss_iou": 0.7337234646081925, "d1.dn_loss_cls": 0.3136591974645853, "d1.dn_loss_bbox": 0.06847198959439993, "d1.dn_loss_iou": 0.6568612217903137, "d2.dn_loss_cls": 0.3048573527485132, "d2.dn_loss_bbox": 0.0770527770742774, "d2.dn_loss_iou": 0.6468342259526253, "d3.dn_loss_cls": 0.30035605765879153, "d3.dn_loss_bbox": 0.08133276272565126, "d3.dn_loss_iou": 0.6454887926578522, "d4.dn_loss_cls": 0.3022940129041672, "d4.dn_loss_bbox": 0.07949665170162916, "d4.dn_loss_iou": 0.6439049363136291, "time": 1.064850115776062, "epoch": 1, "iter": 20, "memory": 4326, "step": 20}
{"base_lr": 0.0001, "lr": 0.0001, "data_time": 0.015229930877685547, "grad_norm": 78.57198783874512, "loss": 14.140054244995117, "loss_cls": 0.3652985066175461, "loss_bbox": 0.06770077779889107, "loss_iou": 0.6897141098976135, "d0.loss_cls": 0.398420512676239, "d0.loss_bbox": 0.0731506486237049, "d0.loss_iou": 0.7026489114761353, "d1.loss_cls": 0.38218040227890016, "d1.loss_bbox": 0.07131034970283508, "d1.loss_iou": 0.6999935936927796, "d2.loss_cls": 0.3693645530939102, "d2.loss_bbox": 0.06830314844846726, "d2.loss_iou": 0.6903028643131256, "d3.loss_cls": 0.37028819680213926, "d3.loss_bbox": 0.06732578709721565, "d3.loss_iou": 0.6867815923690795, "d4.loss_cls": 0.3650609928369522, "d4.loss_bbox": 0.06820443168282508, "d4.loss_iou": 0.6914538323879242, "enc_loss_cls": 0.385756254196167, "enc_loss_bbox": 0.07426020085811615, "enc_loss_iou": 0.7161012530326843, "dn_loss_cls": 0.29014521062374116, "dn_loss_bbox": 0.07109784185886384, "dn_loss_iou": 0.6314751088619233, "d0.dn_loss_cls": 0.3157922354340553, "d0.dn_loss_bbox": 0.07811967834830284, "d0.dn_loss_iou": 0.7358181643486023, "d1.dn_loss_cls": 0.3019626680016518, "d1.dn_loss_bbox": 0.06675911158323287, "d1.dn_loss_iou": 0.6502429795265198, "d2.dn_loss_cls": 0.29156205743551256, "d2.dn_loss_bbox": 0.07288561835885048, "d2.dn_loss_iou": 0.6367063844203948, "d3.dn_loss_cls": 0.2881524202227592, "d3.dn_loss_bbox": 0.075931596159935, "d3.dn_loss_iou": 0.6331814420223236,