{"base_lr": 0.0001, "lr": 0.0001, "data_time": 0.041464710235595705, "grad_norm": 98.00847930908203, "loss": 16.828312110900878, "loss_cls": 0.3962123155593872, "loss_bbox": 0.07187642529606819, "loss_iou": 0.8377645492553711, "d0.loss_cls": 0.42716877460479735, "d0.loss_bbox": 0.07488124221563339, "d0.loss_iou": 0.841082239151001, "d1.loss_cls": 0.4097690463066101, "d1.loss_bbox": 0.07276477590203285, "d1.loss_iou": 0.8375238299369812, "d2.loss_cls": 0.40157454609870913, "d2.loss_bbox": 0.07238535210490227, "d2.loss_iou": 0.8366222977638245, "d3.loss_cls": 0.39042126536369326, "d3.loss_bbox": 0.07098153233528137, "d3.loss_iou": 0.8374869108200074, "d4.loss_cls": 0.39640896320343016, "d4.loss_bbox": 0.07163153067231179, "d4.loss_iou": 0.8376448035240174, "enc_loss_cls": 0.425848114490509, "enc_loss_bbox": 0.07755932435393334, "enc_loss_iou": 0.865716814994812, "dn_loss_cls": 0.3914612889289856, "dn_loss_bbox": 0.0779318556189537, "dn_loss_iou": 0.7482865393161774, "d0.dn_loss_cls": 0.42213772535324096, "d0.dn_loss_bbox": 0.0756311446428299, "d0.dn_loss_iou": 0.8510664105415344, "d1.dn_loss_cls": 0.43265989422798157, "d1.dn_loss_bbox": 0.06700763031840325, "d1.dn_loss_iou": 0.7733865857124329, "d2.dn_loss_cls": 0.41022313237190244, "d2.dn_loss_bbox": 0.09302129447460175, "d2.dn_loss_iou": 0.7736117005348205, "d3.dn_loss_cls": 0.38760759830474856, "d3.dn_loss_bbox": 0.08868750482797623, "d3.dn_loss_iou": 0.7555976450443268, "d4.dn_loss_cls": 0.3931786745786667, "d4.dn_loss_bbox": 0.08538466542959214, "d4.dn_loss_iou": 0.748107123374939, "time": 1.477314567565918, "epoch": 1, "iter": 5, "memory": 4091, "step": 5}
{"base_lr": 0.0001, "lr": 0.0001, "data_time": 0.024641251564025878, "grad_norm": 79.50344676971436, "loss": 15.62404489517212, "loss_cls": 0.3626804620027542, "loss_bbox": 0.07466328144073486, "loss_iou": 0.8057042121887207, "d0.loss_cls": 0.4036387264728546, "d0.loss_bbox": 0.07576109655201435, "d0.loss_iou": 0.8105969369411469, "d1.loss_cls": 0.3865744173526764, "d1.loss_bbox": 0.07384997420012951, "d1.loss_iou": 0.8083616673946381, "d2.loss_cls": 0.38121459186077117, "d2.loss_bbox": 0.07247129194438458, "d2.loss_iou": 0.8055027604103089, "d3.loss_cls": 0.3632143706083298, "d3.loss_bbox": 0.07281972691416741, "d3.loss_iou": 0.8060717940330505, "d4.loss_cls": 0.3683295488357544, "d4.loss_bbox": 0.07046242021024227, "d4.loss_iou": 0.8042428672313691, "enc_loss_cls": 0.3907328933477402, "enc_loss_bbox": 0.07874363549053669, "enc_loss_iou": 0.8375252306461334, "dn_loss_cls": 0.32551575303077696, "dn_loss_bbox": 0.06369634978473186, "dn_loss_iou": 0.7009815126657486, "d0.dn_loss_cls": 0.3539023488759995, "d0.dn_loss_bbox": 0.06887964121997356, "d0.dn_loss_iou": 0.803049510717392, "d1.dn_loss_cls": 0.3534515082836151, "d1.dn_loss_bbox": 0.05964788980782032, "d1.dn_loss_iou": 0.7314554750919342, "d2.dn_loss_cls": 0.33822800815105436, "d2.dn_loss_bbox": 0.07209968604147435, "d2.dn_loss_iou": 0.716675591468811, "d3.dn_loss_cls": 0.3183200374245644, "d3.dn_loss_bbox": 0.06905022002756596, "d3.dn_loss_iou": 0.7053559929132461, "d4.dn_loss_cls": 0.3225750297307968, "d4.dn_loss_bbox": 0.06740176491439342, "d4.dn_loss_iou": 0.7005966067314148, "time": 1.2253347635269165, "epoch": 1, "iter": 10, "memory": 4328, "step": 10}
{"base_lr": 0.0001, "lr": 0.0001, "data_time": 0.019091288248697918, "grad_norm": 72.13695513407389, "loss": 15.131980768839519, "loss_cls": 0.3610670864582062, "loss_bbox": 0.07799380073944727, "loss_iou": 0.7848434845606486, "d0.loss_cls": 0.4071795185407003, "d0.loss_bbox": 0.07949045424660046, "d0.loss_iou": 0.7898892203966776, "d1.loss_cls": 0.3838895936806997, "d1.loss_bbox": 0.07858886495232582, "d1.loss_iou": 0.7898433089256287, "d2.loss_cls": 0.37920040090878804, "d2.loss_bbox": 0.07647297705213228, "d2.loss_iou": 0.7852102080980937, "d3.loss_cls": 0.36429977615674336, "d3.loss_bbox": 0.07658701042334239, "d3.loss_iou": 0.7856123725573222, "d4.loss_cls": 0.3668457388877869, "d4.loss_bbox": 0.0750811425348123, "d4.loss_iou": 0.7836855928103129, "enc_loss_cls": 0.38842819531758627, "enc_loss_bbox": 0.08283092106382052, "enc_loss_iou": 0.8194391051928203, "dn_loss_cls": 0.285998006661733, "dn_loss_bbox": 0.06105095520615578, "dn_loss_iou": 0.6781078477700552, "d0.dn_loss_cls": 0.3155275464057922, "d0.dn_loss_bbox": 0.07265619312723477, "d0.dn_loss_iou": 0.7978333075841267, "d1.dn_loss_cls": 0.3086833477020264, "d1.dn_loss_bbox": 0.05962360252936681, "d1.dn_loss_iou": 0.7094303568204244, "d2.dn_loss_cls": 0.29670881628990176, "d2.dn_loss_bbox": 0.06707324733336767, "d2.dn_loss_iou": 0.6914558966954549, "d3.dn_loss_cls": 0.28003515501817067, "d3.dn_loss_bbox": 0.06457731773455938, "d3.dn_loss_iou": 0.6816244701544444, "d4.dn_loss_cls": 0.2837575227022171, "d4.dn_loss_bbox": 0.06351736138264338, "d4.dn_loss_iou": 0.677841059366862, "time": 1.1281566937764487, "epoch": 1, "iter": 15, "memory": 3764, "step": 15}
