{"base_lr": 0.0001, "lr": 0.0001, "data_time": 0.06003694534301758, "grad_norm": 73.3482566833496, "loss": 15.869415664672852, "loss_cls": 0.3812195181846619, "loss_bbox": 0.07927128896117211, "loss_iou": 0.775956392288208, "d0.loss_cls": 0.4026321262121201, "d0.loss_bbox": 0.0814884327352047, "d0.loss_iou": 0.7935903608798981, "d1.loss_cls": 0.3842145323753357, "d1.loss_bbox": 0.08192886486649513, "d1.loss_iou": 0.7909457683563232, "d2.loss_cls": 0.3814802557229996, "d2.loss_bbox": 0.08045964390039444, "d2.loss_iou": 0.7895973920822144, "d3.loss_cls": 0.37953213453292844, "d3.loss_bbox": 0.07918379083275795, "d3.loss_iou": 0.7785264432430268, "d4.loss_cls": 0.38408494293689727, "d4.loss_bbox": 0.07874969989061356, "d4.loss_iou": 0.7763559579849243, "enc_loss_cls": 0.40174640417099, "enc_loss_bbox": 0.08607793599367142, "enc_loss_iou": 0.8027007341384887, "dn_loss_cls": 0.3977732539176941, "dn_loss_bbox": 0.07510128170251847, "dn_loss_iou": 0.6957951307296752, "d0.dn_loss_cls": 0.3825691491365433, "d0.dn_loss_bbox": 0.08090897127985955, "d0.dn_loss_iou": 0.7553064823150635, "d1.dn_loss_cls": 0.4217656582593918, "d1.dn_loss_bbox": 0.07397029474377632, "d1.dn_loss_iou": 0.7064515471458435, "d2.dn_loss_cls": 0.3868486821651459, "d2.dn_loss_bbox": 0.07672583162784577, "d2.dn_loss_iou": 0.6986369013786315, "d3.dn_loss_cls": 0.39094932973384855, "d3.dn_loss_bbox": 0.07536056488752366, "d3.dn_loss_iou": 0.6949917197227478, "d4.dn_loss_cls": 0.3933681815862656, "d4.dn_loss_bbox": 0.07633993402123451, "d4.dn_loss_iou": 0.6968106508255005, "time": 1.732479190826416, "epoch": 1, "iter": 5, "memory": 3561, "step": 5}
{"base_lr": 0.0001, "lr": 0.0001, "data_time": 0.03366103172302246, "grad_norm": 61.83836135864258, "loss": 14.398561573028564, "loss_cls": 0.35410998165607455, "loss_bbox": 0.06856725979596376, "loss_iou": 0.6583132036030293, "d0.loss_cls": 0.37804116010665895, "d0.loss_bbox": 0.06882376838475465, "d0.loss_iou": 0.6758093670010566, "d1.loss_cls": 0.3715956211090088, "d1.loss_bbox": 0.0705770442262292, "d1.loss_iou": 0.6719652436673641, "d2.loss_cls": 0.3625996470451355, "d2.loss_bbox": 0.06939881891012192, "d2.loss_iou": 0.6676859438419342, "d3.loss_cls": 0.3557632029056549, "d3.loss_bbox": 0.06878103483468294, "d3.loss_iou": 0.6625724188983441, "d4.loss_cls": 0.3603374794125557, "d4.loss_bbox": 0.06834658477455377, "d4.loss_iou": 0.6588096417486667, "enc_loss_cls": 0.36036213040351867, "enc_loss_bbox": 0.07198320273309947, "enc_loss_iou": 0.683985747396946, "dn_loss_cls": 0.3319267049431801, "dn_loss_bbox": 0.06810551024973392, "dn_loss_iou": 0.6842949777841568, "d0.dn_loss_cls": 0.3579313814640045, "d0.dn_loss_bbox": 0.08082228936254979, "d0.dn_loss_iou": 0.7738395988941192, "d1.dn_loss_cls": 0.36335889250040054, "d1.dn_loss_bbox": 0.07011153809726238, "d1.dn_loss_iou": 0.7050223261117935, "d2.dn_loss_cls": 0.33056695610284803, "d2.dn_loss_bbox": 0.07013403736054898, "d2.dn_loss_iou": 0.6922144383192063, "d3.dn_loss_cls": 0.32609580606222155, "d3.dn_loss_bbox": 0.06844304166734219, "d3.dn_loss_iou": 0.6841553717851638, "d4.dn_loss_cls": 0.32990437746047974, "d4.dn_loss_bbox": 0.06867472268640995, "d4.dn_loss_iou": 0.6845313757658005, "time": 1.4230918884277344, "epoch": 1, "iter": 10, "memory": 3886, "step": 10}
{"base_lr": 0.0001, "lr": 0.0001, "data_time": 0.024748754501342774, "grad_norm": 57.95801544189453, "loss": 14.500332959493, "loss_cls": 0.3868557890256246, "loss_bbox": 0.06693535136679808, "loss_iou": 0.6787923847635587, "d0.loss_cls": 0.4109712988138199, "d0.loss_bbox": 0.06856328466286261, "d0.loss_iou": 0.7013238017757734, "d1.loss_cls": 0.4000423972805341, "d1.loss_bbox": 0.06931865972777208, "d1.loss_iou": 0.6965882360935212, "d2.loss_cls": 0.3949576606353124, "d2.loss_bbox": 0.06726717812319596, "d2.loss_iou": 0.6845924357573191, "d3.loss_cls": 0.38770985503991445, "d3.loss_bbox": 0.06724414403239885, "d3.loss_iou": 0.6818307066957155, "d4.loss_cls": 0.39056887527306877, "d4.loss_bbox": 0.06679655686020851, "d4.loss_iou": 0.6798600514729818, "enc_loss_cls": 0.393702477713426, "enc_loss_bbox": 0.07112700138241053, "enc_loss_iou": 0.7147404114405315, "dn_loss_cls": 0.3171563744544983, "dn_loss_bbox": 0.06298532262444496, "dn_loss_iou": 0.6556283434232076, "d0.dn_loss_cls": 0.3581134021282196, "d0.dn_loss_bbox": 0.07858679369091988, "d0.dn_loss_iou": 0.7656476775805156, "d1.dn_loss_cls": 0.33572489470243455, "d1.dn_loss_bbox": 0.06614918547372023, "d1.dn_loss_iou": 0.6836203436056772, "d2.dn_loss_cls": 0.30606219470500945, "d2.dn_loss_bbox": 0.06468270247181257, "d2.dn_loss_iou": 0.664164012670517, "d3.dn_loss_cls": 0.3084666555126508, "d3.dn_loss_bbox": 0.06331352864702543, "d3.dn_loss_iou": 0.6566295206546784, "d4.dn_loss_cls": 0.31472645501295726, "d4.dn_loss_bbox": 0.0633514627814293, "d4.dn_loss_iou": 0.6555357893308004, "time": 1.2935326894124348, "epoch": 1, "iter": 15, "memory": 3885, "step": 15}
{"base_lr": 0.0001, "lr": 0.0001, "data_time": 0.02035616636276245, "grad_norm": 65.84673156738282, "loss": 13.698093509674072, "loss_cls": 0.36233111321926115, "loss_bbox": 0.06298882709816098, "loss_iou": 0.6632236074656248, "d0.loss_cls": 0.3853769779205322, "d0.loss_bbox": 0.06512752580456435, "d0.loss_iou": 0.6871901888400316, "d1.loss_cls": 0.37301470153033733, "d1.loss_bbox": 0.0656691481359303, "d1.loss_iou": 0.6831396296620369, "d2.loss_cls": 0.3689614050090313, "d2.loss_bbox": 0.06332461638376116, "d2.loss_iou": 0.6687126711010933, "d3.loss_cls": 0.3629451602697372, "d3.loss_bbox": 0.06311431434005499, "d3.loss_iou": 0.6650608647614717, "d4.loss_cls": 0.3647259004414082, "d4.loss_bbox": 0.06291398219764233, "d4.loss_iou": 0.6644748851656914, "enc_loss_cls": 0.370044968649745, "enc_loss_bbox": 0.06796102649532258, "enc_loss_iou": 0.7015159532427788, "dn_loss_cls": 0.2770489420741796, "dn_loss_bbox": 0.057506345212459564, "dn_loss_iou": 0.6192307934165001, "d0.dn_loss_cls": 0.31323558241128924, "d0.dn_loss_bbox": 0.07354380916804075, "d0.dn_loss_iou": 0.7345605239272117, "d1.dn_loss_cls": 0.29195905160158875, "d1.dn_loss_bbox": 0.06084242537617683, "d1.dn_loss_iou": 0.6465903490781784, "d2.dn_loss_cls": 0.2676012648269534, "d2.dn_loss_bbox": 0.05881531527265906, "d2.dn_loss_iou": 0.626250034570694, "d3.dn_loss_cls": 0.27005706578493116, "d3.dn_loss_bbox": 0.05769354868680239, "d3.dn_loss_iou": 0.6195257008075714, "d4.dn_loss_cls": 0.275006503239274, "d4.dn_loss_bbox": 0.05778324380517006, "d4.dn_loss_iou": 0.6190255835652352, "time": 1.2520968675613404, "epoch": 1, "iter": 20, "memory": 3886, "step": 20}
{"base_lr": 0.0001, "lr": 0.0001, "data_time": 0.017689275741577148, "grad_norm": 65.10147521972657, "loss": 13.706009216308594, "loss_cls": 0.35880974352359774, "loss_bbox": 0.0674005327373743, "loss_iou": 0.6863923284411431, "d0.loss_cls": 0.38280458450317384, "d0.loss_bbox": 0.07066538047045469, "d0.loss_iou": 0.7127871158719062, "d1.loss_cls": 0.36930113345384596, "d1.loss_bbox": 0.06998191691935063, "d1.loss_iou": 0.7073318576812744, "d2.loss_cls": 0.3658542412519455, "d2.loss_bbox": 0.06759250231087208, "d2.loss_iou": 0.692554943561554, "d3.loss_cls": 0.3587702560424805, "d3.loss_bbox": 0.06743542835116387, "d3.loss_iou": 0.6885826078057289, "d4.loss_cls": 0.361148721575737, "d4.loss_bbox": 0.0673436576128006, "d4.loss_iou": 0.6873112010955811, "enc_loss_cls": 0.37153064280748366, "enc_loss_bbox": 0.07281662698835134, "enc_loss_iou": 0.7258547770977021, "dn_loss_cls": 0.2540577784180641, "dn_loss_bbox": 0.05474087126553059, "dn_loss_iou": 0.6120843923091889, "d0.dn_loss_cls": 0.2928754156827927, "d0.dn_loss_bbox": 0.07311241790652274, "d0.dn_loss_iou": 0.7356561410427094, "d1.dn_loss_cls": 0.27117432698607447, "d1.dn_loss_bbox": 0.0583087557554245, "d1.dn_loss_iou": 0.6427169740200043, "d2.dn_loss_cls": 0.24820734545588494, "d2.dn_loss_bbox": 0.055995366275310515, "d2.dn_loss_iou": 0.6194595551490784, "d3.dn_loss_cls": 0.24873864650726318, "d3.dn_loss_bbox": 0.054901113733649254, "d3.dn_loss_iou": 0.6123434531688691,