{"base_lr": 0.0001, "lr": 0.0001, "data_time": 0.042962646484375, "grad_norm": 139.93016204833984, "loss": 57.43805618286133, "loss_cls": 0.8820780515670776, "loss_bbox": 2.384233331680298, "loss_iou": 2.8673479557037354, "d0.loss_cls": 1.0021666288375854, "d0.loss_bbox": 2.424358344078064, "d0.loss_iou": 2.899322032928467, "d1.loss_cls": 0.924616539478302, "d1.loss_bbox": 2.3920297145843508, "d1.loss_iou": 2.9205952167510985, "d2.loss_cls": 0.9438530206680298, "d2.loss_bbox": 2.3607276678085327, "d2.loss_iou": 2.842966079711914, "d3.loss_cls": 0.9651952385902405, "d3.loss_bbox": 2.4148527145385743, "d3.loss_iou": 2.8248587131500242, "d4.loss_cls": 0.9086498856544495, "d4.loss_bbox": 2.4148882150650026, "d4.loss_iou": 2.8379749774932863, "enc_loss_cls": 0.9797822117805481, "enc_loss_bbox": 2.5060582876205446, "enc_loss_iou": 2.8476123809814453, "dn_loss_cls": 0.41784111261367796, "dn_loss_bbox": 0.19771702736616134, "dn_loss_iou": 1.2591100454330444, "d0.dn_loss_cls": 0.5641722679138184, "d0.dn_loss_bbox": 0.539535129070282, "d0.dn_loss_iou": 1.4316341161727906, "d1.dn_loss_cls": 0.4713379144668579, "d1.dn_loss_bbox": 0.22213883697986603, "d1.dn_loss_iou": 1.333566665649414, "d2.dn_loss_cls": 0.4684533476829529, "d2.dn_loss_bbox": 0.20222442597150803, "d2.dn_loss_iou": 1.2629323959350587, "d3.dn_loss_cls": 0.4255839228630066, "d3.dn_loss_bbox": 0.19756437242031097, "d3.dn_loss_iou": 1.2636619329452514, "d4.dn_loss_cls": 0.42611040472984313, "d4.dn_loss_bbox": 0.19746748208999634, "d4.dn_loss_iou": 1.2587451219558716, "esod_loss": 1.7540945291519165, "time": 5.582687616348267, "epoch": 1, "iter": 5, "memory": 4313, "step": 5}
